{
  "variant": "v1",
  "n_items": 5302,
  "n_failed": 0,
  "eval_time_s": 1198.8978216648102,
  "per_task": {
    "AV Matching": {
      "n": 1876,
      "acc": 0.5,
      "precision": 0.0,
      "recall": 0.0,
      "f1": 0.0,
      "yes_pct": 0.0,
      "TP": 0,
      "TN": 938,
      "FP": 0,
      "FN": 938,
      "non_yes_no": 0
    },
    "Audio-driven Video Hallucination": {
      "n": 1136,
      "acc": 0.5352112676056338,
      "precision": 0.53125,
      "recall": 0.5985915492957746,
      "f1": 0.5629139072847682,
      "yes_pct": 56.33802816901409,
      "TP": 340,
      "TN": 268,
      "FP": 300,
      "FN": 228,
      "non_yes_no": 0
    },
    "Video-driven Audio Hallucination": {
      "n": 2290,
      "acc": 0.6493449781659388,
      "precision": 0.7215025906735751,
      "recall": 0.48646288209606986,
      "f1": 0.5811163275952009,
      "yes_pct": 33.7117903930131,
      "TP": 557,
      "TN": 930,
      "FP": 215,
      "FN": 588,
      "non_yes_no": 0
    }
  },
  "overall": {
    "n": 5302,
    "acc": 0.5720482836665409,
    "precision": 0.6352691218130312,
    "recall": 0.33836288193134667,
    "f1": 0.4415456559192715,
    "yes_pct": 26.631459826480576,
    "TP": 897,
    "TN": 2136,
    "FP": 515,
    "FN": 1754,
    "non_yes_no": 0
  }
}