{
  "variant": "v3",
  "n_items": 5302,
  "n_failed": 0,
  "eval_time_s": 1194.435881614685,
  "per_task": {
    "AV Matching": {
      "n": 1876,
      "acc": 0.5,
      "precision": 0.0,
      "recall": 0.0,
      "f1": 0.0,
      "yes_pct": 0.0,
      "TP": 0,
      "TN": 938,
      "FP": 0,
      "FN": 938,
      "non_yes_no": 0
    },
    "Audio-driven Video Hallucination": {
      "n": 1136,
      "acc": 0.49911971830985913,
      "precision": 0.4993548387096774,
      "recall": 0.6813380281690141,
      "f1": 0.5763216679076694,
      "yes_pct": 68.22183098591549,
      "TP": 387,
      "TN": 180,
      "FP": 388,
      "FN": 181,
      "non_yes_no": 0
    },
    "Video-driven Audio Hallucination": {
      "n": 2290,
      "acc": 0.5580786026200873,
      "precision": 0.7736625514403292,
      "recall": 0.16419213973799127,
      "f1": 0.2708933717579251,
      "yes_pct": 10.611353711790393,
      "TP": 188,
      "TN": 1090,
      "FP": 55,
      "FN": 957,
      "non_yes_no": 0
    }
  },
  "overall": {
    "n": 5302,
    "acc": 0.524896265560166,
    "precision": 0.5648330058939096,
    "recall": 0.21689928328932478,
    "f1": 0.31343690378849826,
    "yes_pct": 19.200301772915882,
    "TP": 575,
    "TN": 2208,
    "FP": 443,
    "FN": 2076,
    "non_yes_no": 0
  }
}