{
  "variant": "v4",
  "n_items": 5302,
  "n_failed": 0,
  "eval_time_s": 1091.7912170886993,
  "per_task": {
    "AV Matching": {
      "n": 1876,
      "acc": 0.4989339019189765,
      "precision": 0.4967105263157895,
      "recall": 0.16098081023454158,
      "f1": 0.24315619967793883,
      "yes_pct": 16.204690831556505,
      "TP": 151,
      "TN": 785,
      "FP": 153,
      "FN": 787,
      "non_yes_no": 0
    },
    "Audio-driven Video Hallucination": {
      "n": 1136,
      "acc": 0.4841549295774648,
      "precision": 0.4911417322834646,
      "recall": 0.8785211267605634,
      "f1": 0.6300505050505051,
      "yes_pct": 89.43661971830986,
      "TP": 499,
      "TN": 51,
      "FP": 517,
      "FN": 69,
      "non_yes_no": 0
    },
    "Video-driven Audio Hallucination": {
      "n": 2290,
      "acc": 0.5598253275109171,
      "precision": 0.5394812680115274,
      "recall": 0.8174672489082969,
      "f1": 0.65,
      "yes_pct": 75.764192139738,
      "TP": 936,
      "TN": 346,
      "FP": 799,
      "FN": 209,
      "non_yes_no": 0
    }
  },
  "overall": {
    "n": 5302,
    "acc": 0.5220671444737834,
    "precision": 0.5191489361702127,
    "recall": 0.5982648057336855,
    "f1": 0.5559060637924991,
    "yes_pct": 57.61976612599019,
    "TP": 1586,
    "TN": 1182,
    "FP": 1469,
    "FN": 1065,
    "non_yes_no": 0
  }
}