{
  "variant": "v1",
  "n_items": 5302,
  "n_failed": 0,
  "eval_time_s": 1090.5990681648254,
  "per_task": {
    "AV Matching": {
      "n": 1876,
      "acc": 0.4994669509594883,
      "precision": 0.4997327632282202,
      "recall": 0.9968017057569296,
      "f1": 0.6657173371306514,
      "yes_pct": 99.73347547974414,
      "TP": 935,
      "TN": 2,
      "FP": 936,
      "FN": 3,
      "non_yes_no": 0
    },
    "Audio-driven Video Hallucination": {
      "n": 1136,
      "acc": 0.477112676056338,
      "precision": 0.4868421052631579,
      "recall": 0.846830985915493,
      "f1": 0.6182519280205656,
      "yes_pct": 86.97183098591549,
      "TP": 481,
      "TN": 61,
      "FP": 507,
      "FN": 87,
      "non_yes_no": 0
    },
    "Video-driven Audio Hallucination": {
      "n": 2290,
      "acc": 0.5554585152838428,
      "precision": 0.5344546934346175,
      "recall": 0.8602620087336245,
      "f1": 0.6593038821954484,
      "yes_pct": 80.48034934497817,
      "TP": 985,
      "TN": 287,
      "FP": 858,
      "FN": 160,
      "non_yes_no": 0
    }
  },
  "overall": {
    "n": 5302,
    "acc": 0.51886080724255,
    "precision": 0.5106337728626117,
    "recall": 0.9056959637872501,
    "f1": 0.6530667754657964,
    "yes_pct": 88.68351565447001,
    "TP": 2401,
    "TN": 350,
    "FP": 2301,
    "FN": 250,
    "non_yes_no": 0
  }
}