{
  "variant": "v3",
  "n_items": 5302,
  "n_failed": 0,
  "eval_time_s": 1203.2319581508636,
  "per_task": {
    "AV Matching": {
      "n": 1876,
      "acc": 0.5,
      "precision": 0.0,
      "recall": 0.0,
      "f1": 0.0,
      "yes_pct": 0.0,
      "TP": 0,
      "TN": 938,
      "FP": 0,
      "FN": 938,
      "non_yes_no": 0
    },
    "Audio-driven Video Hallucination": {
      "n": 1136,
      "acc": 0.49559859154929575,
      "precision": 0.48792270531400966,
      "recall": 0.17781690140845072,
      "f1": 0.2606451612903226,
      "yes_pct": 18.221830985915492,
      "TP": 101,
      "TN": 462,
      "FP": 106,
      "FN": 467,
      "non_yes_no": 0
    },
    "Video-driven Audio Hallucination": {
      "n": 2290,
      "acc": 0.5104803493449782,
      "precision": 0.875,
      "recall": 0.02445414847161572,
      "f1": 0.047578589634664395,
      "yes_pct": 1.3973799126637554,
      "TP": 28,
      "TN": 1141,
      "FP": 4,
      "FN": 1117,
      "non_yes_no": 0
    }
  },
  "overall": {
    "n": 5302,
    "acc": 0.5035835533760845,
    "precision": 0.5397489539748954,
    "recall": 0.04866088268577895,
    "f1": 0.08927335640138408,
    "yes_pct": 4.507732930969445,
    "TP": 129,
    "TN": 2541,
    "FP": 110,
    "FN": 2522,
    "non_yes_no": 0
  }
}