{
  "variant": "v1",
  "n_items": 5302,
  "n_failed": 0,
  "eval_time_s": 1084.5183544158936,
  "per_task": {
    "AV Matching": {
      "n": 1876,
      "acc": 0.5047974413646056,
      "precision": 0.5026737967914439,
      "recall": 0.9019189765458422,
      "f1": 0.6455551316291491,
      "yes_pct": 89.71215351812367,
      "TP": 846,
      "TN": 101,
      "FP": 837,
      "FN": 92,
      "non_yes_no": 0
    },
    "Audio-driven Video Hallucination": {
      "n": 1136,
      "acc": 0.48327464788732394,
      "precision": 0.4895027624309392,
      "recall": 0.7799295774647887,
      "f1": 0.6014935505770537,
      "yes_pct": 79.66549295774648,
      "TP": 443,
      "TN": 106,
      "FP": 462,
      "FN": 125,
      "non_yes_no": 0
    },
    "Video-driven Audio Hallucination": {
      "n": 2290,
      "acc": 0.5672489082969432,
      "precision": 0.5564516129032258,
      "recall": 0.662882096069869,
      "f1": 0.6050219210840972,
      "yes_pct": 59.56331877729257,
      "TP": 759,
      "TN": 540,
      "FP": 605,
      "FN": 386,
      "non_yes_no": 0
    }
  },
  "overall": {
    "n": 5302,
    "acc": 0.527159562429272,
    "precision": 0.5182186234817814,
    "recall": 0.7725386646548472,
    "f1": 0.6203240951082842,
    "yes_pct": 74.53791022255753,
    "TP": 2048,
    "TN": 747,
    "FP": 1904,
    "FN": 603,
    "non_yes_no": 0
  }
}