{
  "variant": "v4",
  "n_items": 5302,
  "n_failed": 0,
  "eval_time_s": 1092.8291690349579,
  "per_task": {
    "AV Matching": {
      "n": 1876,
      "acc": 0.5,
      "precision": 0.5,
      "recall": 0.908315565031983,
      "f1": 0.6449659348978047,
      "yes_pct": 90.8315565031983,
      "TP": 852,
      "TN": 86,
      "FP": 852,
      "FN": 86,
      "non_yes_no": 0
    },
    "Audio-driven Video Hallucination": {
      "n": 1136,
      "acc": 0.477112676056338,
      "precision": 0.48519362186788156,
      "recall": 0.75,
      "f1": 0.5892116182572614,
      "yes_pct": 77.2887323943662,
      "TP": 426,
      "TN": 116,
      "FP": 452,
      "FN": 142,
      "non_yes_no": 0
    },
    "Video-driven Audio Hallucination": {
      "n": 2290,
      "acc": 0.5938864628820961,
      "precision": 0.5741890959282263,
      "recall": 0.7266375545851529,
      "f1": 0.6414803392444102,
      "yes_pct": 63.275109170305676,
      "TP": 832,
      "TN": 528,
      "FP": 617,
      "FN": 313,
      "non_yes_no": 0
    }
  },
  "overall": {
    "n": 5302,
    "acc": 0.5356469256884194,
    "precision": 0.523443314314066,
    "recall": 0.7959260656356092,
    "f1": 0.6315474408859623,
    "yes_pct": 76.02791399471897,
    "TP": 2110,
    "TN": 730,
    "FP": 1921,
    "FN": 541,
    "non_yes_no": 0
  }
}