{
  "variant": "v3",
  "n_items": 5302,
  "n_failed": 0,
  "eval_time_s": 1094.3631024360657,
  "per_task": {
    "AV Matching": {
      "n": 1876,
      "acc": 0.5,
      "precision": 0.5,
      "recall": 1.0,
      "f1": 0.6666666666666666,
      "yes_pct": 100.0,
      "TP": 938,
      "TN": 0,
      "FP": 938,
      "FN": 0,
      "non_yes_no": 0
    },
    "Audio-driven Video Hallucination": {
      "n": 1136,
      "acc": 0.5026408450704225,
      "precision": 0.501323918799647,
      "recall": 1.0,
      "f1": 0.6678424456202234,
      "yes_pct": 99.73591549295774,
      "TP": 568,
      "TN": 3,
      "FP": 565,
      "FN": 0,
      "non_yes_no": 0
    },
    "Video-driven Audio Hallucination": {
      "n": 2290,
      "acc": 0.5270742358078603,
      "precision": 0.5145403377110694,
      "recall": 0.9580786026200874,
      "f1": 0.6695148001220629,
      "yes_pct": 93.1004366812227,
      "TP": 1097,
      "TN": 110,
      "FP": 1035,
      "FN": 48,
      "non_yes_no": 0
    }
  },
  "overall": {
    "n": 5302,
    "acc": 0.5122595247076575,
    "precision": 0.5063217272904105,
    "recall": 0.981893625047152,
    "f1": 0.6681211498973306,
    "yes_pct": 96.96341003394944,
    "TP": 2603,
    "TN": 113,
    "FP": 2538,
    "FN": 48,
    "non_yes_no": 0
  }
}