{
  "variant": "v3",
  "n_items": 5302,
  "n_failed": 0,
  "eval_time_s": 1091.675827741623,
  "per_task": {
    "AV Matching": {
      "n": 1876,
      "acc": 0.5,
      "precision": 0.5,
      "recall": 1.0,
      "f1": 0.6666666666666666,
      "yes_pct": 100.0,
      "TP": 938,
      "TN": 0,
      "FP": 938,
      "FN": 0,
      "non_yes_no": 0
    },
    "Audio-driven Video Hallucination": {
      "n": 1136,
      "acc": 0.4515845070422535,
      "precision": 0.4694783573806881,
      "recall": 0.7447183098591549,
      "f1": 0.5759019741320626,
      "yes_pct": 79.31338028169014,
      "TP": 423,
      "TN": 90,
      "FP": 478,
      "FN": 145,
      "non_yes_no": 0
    },
    "Video-driven Audio Hallucination": {
      "n": 2290,
      "acc": 0.5681222707423581,
      "precision": 0.5469879518072289,
      "recall": 0.7930131004366813,
      "f1": 0.647415329768271,
      "yes_pct": 72.48908296943232,
      "TP": 908,
      "TN": 393,
      "FP": 752,
      "FN": 237,
      "non_yes_no": 0
    }
  },
  "overall": {
    "n": 5302,
    "acc": 0.5190494153149755,
    "precision": 0.5113815641199009,
    "recall": 0.8559034326669182,
    "f1": 0.6402370203160271,
    "yes_pct": 83.68540173519426,
    "TP": 2269,
    "TN": 483,
    "FP": 2168,
    "FN": 382,
    "non_yes_no": 0
  }
}