{
  "variant": "v3",
  "n_items": 5302,
  "n_failed": 0,
  "eval_time_s": 1196.5918247699738,
  "per_task": {
    "AV Matching": {
      "n": 1876,
      "acc": 0.5,
      "precision": 0.0,
      "recall": 0.0,
      "f1": 0.0,
      "yes_pct": 0.0,
      "TP": 0,
      "TN": 938,
      "FP": 0,
      "FN": 938,
      "non_yes_no": 0
    },
    "Audio-driven Video Hallucination": {
      "n": 1136,
      "acc": 0.4867957746478873,
      "precision": 0.4630541871921182,
      "recall": 0.16549295774647887,
      "f1": 0.2438391699092088,
      "yes_pct": 17.869718309859156,
      "TP": 94,
      "TN": 459,
      "FP": 109,
      "FN": 474,
      "non_yes_no": 0
    },
    "Video-driven Audio Hallucination": {
      "n": 2290,
      "acc": 0.5576419213973799,
      "precision": 0.7558139534883721,
      "recall": 0.1703056768558952,
      "f1": 0.27797576621525305,
      "yes_pct": 11.26637554585153,
      "TP": 195,
      "TN": 1082,
      "FP": 63,
      "FN": 950,
      "non_yes_no": 0
    }
  },
  "overall": {
    "n": 5302,
    "acc": 0.5220671444737834,
    "precision": 0.6268980477223427,
    "recall": 0.10901546586193889,
    "f1": 0.18573264781491003,
    "yes_pct": 8.694832138815542,
    "TP": 289,
    "TN": 2479,
    "FP": 172,
    "FN": 2362,
    "non_yes_no": 0
  }
}