{
  "variant": "v1",
  "n_items": 5302,
  "n_failed": 0,
  "eval_time_s": 1090.1990177631378,
  "per_task": {
    "AV Matching": {
      "n": 1876,
      "acc": 0.5,
      "precision": 0.5,
      "recall": 0.9850746268656716,
      "f1": 0.6633165829145728,
      "yes_pct": 98.50746268656717,
      "TP": 924,
      "TN": 14,
      "FP": 924,
      "FN": 14,
      "non_yes_no": 0
    },
    "Audio-driven Video Hallucination": {
      "n": 1136,
      "acc": 0.4753521126760563,
      "precision": 0.4837587006960557,
      "recall": 0.7341549295774648,
      "f1": 0.5832167832167832,
      "yes_pct": 75.88028169014085,
      "TP": 417,
      "TN": 123,
      "FP": 445,
      "FN": 151,
      "non_yes_no": 0
    },
    "Video-driven Audio Hallucination": {
      "n": 2290,
      "acc": 0.6043668122270742,
      "precision": 0.5896474118529632,
      "recall": 0.6864628820960699,
      "f1": 0.6343825665859563,
      "yes_pct": 58.209606986899566,
      "TP": 786,
      "TN": 598,
      "FP": 547,
      "FN": 359,
      "non_yes_no": 0
    }
  },
  "overall": {
    "n": 5302,
    "acc": 0.5397963032817804,
    "precision": 0.5260944842938412,
    "recall": 0.8023387400980762,
    "f1": 0.6354944726620854,
    "yes_pct": 76.25424368162957,
    "TP": 2127,
    "TN": 735,
    "FP": 1916,
    "FN": 524,
    "non_yes_no": 0
  }
}