{
  "variant": "v4",
  "n_items": 5302,
  "n_failed": 0,
  "eval_time_s": 1096.5220339298248,
  "per_task": {
    "AV Matching": {
      "n": 1876,
      "acc": 0.5010660980810234,
      "precision": 0.5005393743257821,
      "recall": 0.9893390191897654,
      "f1": 0.664756446991404,
      "yes_pct": 98.8272921108742,
      "TP": 928,
      "TN": 12,
      "FP": 926,
      "FN": 10,
      "non_yes_no": 0
    },
    "Audio-driven Video Hallucination": {
      "n": 1136,
      "acc": 0.488556338028169,
      "precision": 0.49362119725220804,
      "recall": 0.8855633802816901,
      "f1": 0.6339004410838059,
      "yes_pct": 89.70070422535211,
      "TP": 503,
      "TN": 52,
      "FP": 516,
      "FN": 65,
      "non_yes_no": 0
    },
    "Video-driven Audio Hallucination": {
      "n": 2290,
      "acc": 0.5860262008733624,
      "precision": 0.5691228070175438,
      "recall": 0.7082969432314411,
      "f1": 0.6311284046692608,
      "yes_pct": 62.227074235807855,
      "TP": 811,
      "TN": 531,
      "FP": 614,
      "FN": 334,
      "non_yes_no": 0
    }
  },
  "overall": {
    "n": 5302,
    "acc": 0.535081101471143,
    "precision": 0.5216379711493718,
    "recall": 0.8457185967559412,
    "f1": 0.6452727011080731,
    "yes_pct": 81.06374952847982,
    "TP": 2242,
    "TN": 595,
    "FP": 2056,
    "FN": 409,
    "non_yes_no": 0
  }
}