{
  "variant": "v1",
  "n_items": 1086,
  "n_failed": 0,
  "eval_time_s": 254.7171869277954,
  "per_task": {
    "AV Matching": {
      "n": 380,
      "acc": 0.531578947368421,
      "precision": 0.531578947368421,
      "recall": 1.0,
      "f1": 0.6941580756013745,
      "yes_pct": 100.0,
      "TP": 202,
      "TN": 0,
      "FP": 178,
      "FN": 0,
      "non_yes_no": 0
    },
    "Audio-driven Video Hallucination": {
      "n": 242,
      "acc": 0.6074380165289256,
      "precision": 0.601123595505618,
      "recall": 0.816793893129771,
      "f1": 0.6925566343042071,
      "yes_pct": 73.55371900826447,
      "TP": 107,
      "TN": 40,
      "FP": 71,
      "FN": 24,
      "non_yes_no": 0
    },
    "Video-driven Audio Hallucination": {
      "n": 464,
      "acc": 0.7564655172413793,
      "precision": 0.68,
      "recall": 0.9608695652173913,
      "f1": 0.7963963963963964,
      "yes_pct": 70.04310344827587,
      "TP": 221,
      "TN": 130,
      "FP": 104,
      "FN": 9,
      "non_yes_no": 0
    }
  },
  "overall": {
    "n": 1086,
    "acc": 0.6445672191528545,
    "precision": 0.6002265005662514,
    "recall": 0.9413854351687388,
    "f1": 0.7330567081604425,
    "yes_pct": 81.30755064456721,
    "TP": 530,
    "TN": 170,
    "FP": 353,
    "FN": 33,
    "non_yes_no": 0
  }
}