{
  "variant": "v3",
  "n_items": 1086,
  "n_failed": 0,
  "eval_time_s": 255.3425943851471,
  "per_task": {
    "AV Matching": {
      "n": 380,
      "acc": 0.531578947368421,
      "precision": 0.531578947368421,
      "recall": 1.0,
      "f1": 0.6941580756013745,
      "yes_pct": 100.0,
      "TP": 202,
      "TN": 0,
      "FP": 178,
      "FN": 0,
      "non_yes_no": 0
    },
    "Audio-driven Video Hallucination": {
      "n": 242,
      "acc": 0.6074380165289256,
      "precision": 0.5841121495327103,
      "recall": 0.9541984732824428,
      "f1": 0.7246376811594203,
      "yes_pct": 88.42975206611571,
      "TP": 125,
      "TN": 22,
      "FP": 89,
      "FN": 6,
      "non_yes_no": 0
    },
    "Video-driven Audio Hallucination": {
      "n": 464,
      "acc": 0.7844827586206896,
      "precision": 0.7407407407407407,
      "recall": 0.8695652173913043,
      "f1": 0.7999999999999999,
      "yes_pct": 58.189655172413794,
      "TP": 200,
      "TN": 164,
      "FP": 70,
      "FN": 30,
      "non_yes_no": 0
    }
  },
  "overall": {
    "n": 1086,
    "acc": 0.6565377532228361,
    "precision": 0.6099537037037037,
    "recall": 0.9360568383658969,
    "f1": 0.7386124737210932,
    "yes_pct": 79.55801104972376,
    "TP": 527,
    "TN": 186,
    "FP": 337,
    "FN": 36,
    "non_yes_no": 0
  }
}