{
  "variant": "v3",
  "n_items": 5302,
  "n_failed": 0,
  "eval_time_s": 1200.235997915268,
  "per_task": {
    "AV Matching": {
      "n": 1876,
      "acc": 0.5,
      "precision": 0.5,
      "recall": 1.0,
      "f1": 0.6666666666666666,
      "yes_pct": 100.0,
      "TP": 938,
      "TN": 0,
      "FP": 938,
      "FN": 0,
      "non_yes_no": 0
    },
    "Audio-driven Video Hallucination": {
      "n": 1136,
      "acc": 0.528169014084507,
      "precision": 0.5218579234972678,
      "recall": 0.6725352112676056,
      "f1": 0.5876923076923078,
      "yes_pct": 64.43661971830986,
      "TP": 382,
      "TN": 218,
      "FP": 350,
      "FN": 186,
      "non_yes_no": 0
    },
    "Video-driven Audio Hallucination": {
      "n": 2290,
      "acc": 0.588646288209607,
      "precision": 0.6111719605695509,
      "recall": 0.4873362445414847,
      "f1": 0.5422740524781342,
      "yes_pct": 39.86899563318777,
      "TP": 558,
      "TN": 790,
      "FP": 355,
      "FN": 587,
      "non_yes_no": 0
    }
  },
  "overall": {
    "n": 5302,
    "acc": 0.5443228970199925,
    "precision": 0.5333712013632491,
    "recall": 0.7084119200301773,
    "f1": 0.608554763447829,
    "yes_pct": 66.40890230101849,
    "TP": 1878,
    "TN": 1008,
    "FP": 1643,
    "FN": 773,
    "non_yes_no": 0
  }
}