{
  "variant": "v3",
  "n_items": 5302,
  "n_failed": 0,
  "eval_time_s": 1194.6615896224976,
  "per_task": {
    "AV Matching": {
      "n": 1876,
      "acc": 0.5,
      "precision": 0.0,
      "recall": 0.0,
      "f1": 0.0,
      "yes_pct": 0.0,
      "TP": 0,
      "TN": 938,
      "FP": 0,
      "FN": 938,
      "non_yes_no": 0
    },
    "Audio-driven Video Hallucination": {
      "n": 1136,
      "acc": 0.5079225352112676,
      "precision": 0.5145631067961165,
      "recall": 0.27992957746478875,
      "f1": 0.362599771949829,
      "yes_pct": 27.200704225352112,
      "TP": 159,
      "TN": 418,
      "FP": 150,
      "FN": 409,
      "non_yes_no": 0
    },
    "Video-driven Audio Hallucination": {
      "n": 2290,
      "acc": 0.5480349344978166,
      "precision": 0.8089887640449438,
      "recall": 0.125764192139738,
      "f1": 0.21768707482993196,
      "yes_pct": 7.77292576419214,
      "TP": 144,
      "TN": 1111,
      "FP": 34,
      "FN": 1001,
      "non_yes_no": 0
    }
  },
  "overall": {
    "n": 5302,
    "acc": 0.5224443606186345,
    "precision": 0.62217659137577,
    "recall": 0.11429649188985289,
    "f1": 0.1931166347992352,
    "yes_pct": 9.185213127121841,
    "TP": 303,
    "TN": 2467,
    "FP": 184,
    "FN": 2348,
    "non_yes_no": 0
  }
}