{
  "variant": "v1",
  "n_items": 5302,
  "n_failed": 0,
  "eval_time_s": 1088.5480480194092,
  "per_task": {
    "AV Matching": {
      "n": 1876,
      "acc": 0.5,
      "precision": 0.5,
      "recall": 1.0,
      "f1": 0.6666666666666666,
      "yes_pct": 100.0,
      "TP": 938,
      "TN": 0,
      "FP": 938,
      "FN": 0,
      "non_yes_no": 0
    },
    "Audio-driven Video Hallucination": {
      "n": 1136,
      "acc": 0.5017605633802817,
      "precision": 0.5008818342151675,
      "recall": 1.0,
      "f1": 0.6674500587544065,
      "yes_pct": 99.82394366197182,
      "TP": 568,
      "TN": 2,
      "FP": 566,
      "FN": 0,
      "non_yes_no": 0
    },
    "Video-driven Audio Hallucination": {
      "n": 2290,
      "acc": 0.508296943231441,
      "precision": 0.504220346512661,
      "recall": 0.9912663755458515,
      "f1": 0.6684334511189635,
      "yes_pct": 98.29694323144105,
      "TP": 1135,
      "TN": 29,
      "FP": 1116,
      "FN": 10,
      "non_yes_no": 0
    }
  },
  "overall": {
    "n": 5302,
    "acc": 0.5039607695209355,
    "precision": 0.5019958182854971,
    "recall": 0.99622783855149,
    "f1": 0.6675935288169869,
    "yes_pct": 99.22670690305544,
    "TP": 2641,
    "TN": 31,
    "FP": 2620,
    "FN": 10,
    "non_yes_no": 0
  }
}