{
  "variant": "v3",
  "n_items": 5302,
  "n_failed": 0,
  "eval_time_s": 1195.4182929992676,
  "per_task": {
    "AV Matching": {
      "n": 1876,
      "acc": 0.5,
      "precision": 0.0,
      "recall": 0.0,
      "f1": 0.0,
      "yes_pct": 0.0,
      "TP": 0,
      "TN": 938,
      "FP": 0,
      "FN": 938,
      "non_yes_no": 0
    },
    "Audio-driven Video Hallucination": {
      "n": 1136,
      "acc": 0.5220070422535211,
      "precision": 0.5209380234505863,
      "recall": 0.5475352112676056,
      "f1": 0.5339055793991416,
      "yes_pct": 52.55281690140845,
      "TP": 311,
      "TN": 282,
      "FP": 286,
      "FN": 257,
      "non_yes_no": 0
    },
    "Video-driven Audio Hallucination": {
      "n": 2290,
      "acc": 0.5637554585152839,
      "precision": 0.7874015748031497,
      "recall": 0.17467248908296942,
      "f1": 0.28591851322373124,
      "yes_pct": 11.091703056768559,
      "TP": 200,
      "TN": 1091,
      "FP": 54,
      "FN": 945,
      "non_yes_no": 0
    }
  },
  "overall": {
    "n": 5302,
    "acc": 0.5322519803847605,
    "precision": 0.600470035252644,
    "recall": 0.1927574500188608,
    "f1": 0.29183323814962875,
    "yes_pct": 16.050546963410035,
    "TP": 511,
    "TN": 2311,
    "FP": 340,
    "FN": 2140,
    "non_yes_no": 0
  }
}