{
  "variant": "v2_nb1",
  "n_items": 5302,
  "n_failed": 0,
  "eval_time_s": 1100.7635431289673,
  "per_task": {
    "AV Matching": {
      "n": 1876,
      "acc": 0.5,
      "precision": 0.5,
      "recall": 1.0,
      "f1": 0.6666666666666666,
      "yes_pct": 100.0,
      "TP": 938,
      "TN": 0,
      "FP": 938,
      "FN": 0,
      "non_yes_no": 0
    },
    "Audio-driven Video Hallucination": {
      "n": 1136,
      "acc": 0.4823943661971831,
      "precision": 0.49032882011605416,
      "recall": 0.8926056338028169,
      "f1": 0.6329588014981273,
      "yes_pct": 91.02112676056338,
      "TP": 507,
      "TN": 41,
      "FP": 527,
      "FN": 61,
      "non_yes_no": 0
    },
    "Video-driven Audio Hallucination": {
      "n": 2290,
      "acc": 0.5148471615720523,
      "precision": 0.5086558044806517,
      "recall": 0.8724890829694323,
      "f1": 0.6426503698938565,
      "yes_pct": 85.764192139738,
      "TP": 999,
      "TN": 180,
      "FP": 965,
      "FN": 146,
      "non_yes_no": 0
    }
  },
  "overall": {
    "n": 5302,
    "acc": 0.502640513013957,
    "precision": 0.5014361920393927,
    "recall": 0.9219162580158431,
    "f1": 0.6495681063122924,
    "yes_pct": 91.92757450018861,
    "TP": 2444,
    "TN": 221,
    "FP": 2430,
    "FN": 207,
    "non_yes_no": 0
  }
}