{
  "variant": "v3",
  "n_items": 5302,
  "n_failed": 0,
  "eval_time_s": 1090.3729870319366,
  "per_task": {
    "AV Matching": {
      "n": 1876,
      "acc": 0.503731343283582,
      "precision": 0.5025983667409057,
      "recall": 0.7217484008528785,
      "f1": 0.5925601750547046,
      "yes_pct": 71.80170575692964,
      "TP": 677,
      "TN": 268,
      "FP": 670,
      "FN": 261,
      "non_yes_no": 0
    },
    "Audio-driven Video Hallucination": {
      "n": 1136,
      "acc": 0.49383802816901406,
      "precision": 0.4966949952785647,
      "recall": 0.926056338028169,
      "f1": 0.6465888137676706,
      "yes_pct": 93.22183098591549,
      "TP": 526,
      "TN": 35,
      "FP": 533,
      "FN": 42,
      "non_yes_no": 0
    },
    "Video-driven Audio Hallucination": {
      "n": 2290,
      "acc": 0.5462882096069869,
      "precision": 0.528101802757158,
      "recall": 0.8698689956331878,
      "f1": 0.6572088419663478,
      "yes_pct": 82.35807860262008,
      "TP": 996,
      "TN": 255,
      "FP": 890,
      "FN": 149,
      "non_yes_no": 0
    }
  },
  "overall": {
    "n": 5302,
    "acc": 0.519992455677103,
    "precision": 0.5123485554520038,
    "recall": 0.8294983025273481,
    "f1": 0.6334437563013107,
    "yes_pct": 80.95058468502452,
    "TP": 2199,
    "TN": 558,
    "FP": 2093,
    "FN": 452,
    "non_yes_no": 0
  }
}