{
  "variant": "v3",
  "n_items": 5302,
  "n_failed": 0,
  "eval_time_s": 1096.5897192955017,
  "per_task": {
    "AV Matching": {
      "n": 1876,
      "acc": 0.5069296375266524,
      "precision": 0.5057880676758683,
      "recall": 0.605543710021322,
      "f1": 0.5511887433284813,
      "yes_pct": 59.86140724946695,
      "TP": 568,
      "TN": 383,
      "FP": 555,
      "FN": 370,
      "non_yes_no": 0
    },
    "Audio-driven Video Hallucination": {
      "n": 1136,
      "acc": 0.44190140845070425,
      "precision": 0.40782122905027934,
      "recall": 0.25704225352112675,
      "f1": 0.3153347732181425,
      "yes_pct": 31.514084507042256,
      "TP": 146,
      "TN": 356,
      "FP": 212,
      "FN": 422,
      "non_yes_no": 0
    },
    "Video-driven Audio Hallucination": {
      "n": 2290,
      "acc": 0.5275109170305677,
      "precision": 0.5450643776824035,
      "recall": 0.3327510917030568,
      "f1": 0.41323210412147504,
      "yes_pct": 30.52401746724891,
      "TP": 381,
      "TN": 827,
      "FP": 318,
      "FN": 764,
      "non_yes_no": 0
    }
  },
  "overall": {
    "n": 5302,
    "acc": 0.501886080724255,
    "precision": 0.5022935779816514,
    "recall": 0.4130516786118446,
    "f1": 0.4533222935210101,
    "yes_pct": 41.11655978875896,
    "TP": 1095,
    "TN": 1566,
    "FP": 1085,
    "FN": 1556,
    "non_yes_no": 0
  }
}