{
  "variant": "v4",
  "n_items": 5302,
  "n_failed": 0,
  "eval_time_s": 1089.00718998909,
  "per_task": {
    "AV Matching": {
      "n": 1876,
      "acc": 0.5,
      "precision": 0.5,
      "recall": 1.0,
      "f1": 0.6666666666666666,
      "yes_pct": 100.0,
      "TP": 938,
      "TN": 0,
      "FP": 938,
      "FN": 0,
      "non_yes_no": 0
    },
    "Audio-driven Video Hallucination": {
      "n": 1136,
      "acc": 0.5,
      "precision": 0.5,
      "recall": 1.0,
      "f1": 0.6666666666666666,
      "yes_pct": 100.0,
      "TP": 568,
      "TN": 0,
      "FP": 568,
      "FN": 0,
      "non_yes_no": 0
    },
    "Video-driven Audio Hallucination": {
      "n": 2290,
      "acc": 0.5,
      "precision": 0.5,
      "recall": 1.0,
      "f1": 0.6666666666666666,
      "yes_pct": 100.0,
      "TP": 1145,
      "TN": 0,
      "FP": 1145,
      "FN": 0,
      "non_yes_no": 0
    }
  },
  "overall": {
    "n": 5302,
    "acc": 0.5,
    "precision": 0.5,
    "recall": 1.0,
    "f1": 0.6666666666666666,
    "yes_pct": 100.0,
    "TP": 2651,
    "TN": 0,
    "FP": 2651,
    "FN": 0,
    "non_yes_no": 0
  }
}