{
  "variant": "v2",
  "n_items": 5302,
  "n_failed": 0,
  "eval_time_s": 1194.9282228946686,
  "per_task": {
    "AV Matching": {
      "n": 1876,
      "acc": 0.5,
      "precision": 0.0,
      "recall": 0.0,
      "f1": 0.0,
      "yes_pct": 0.0,
      "TP": 0,
      "TN": 938,
      "FP": 0,
      "FN": 938,
      "non_yes_no": 0
    },
    "Audio-driven Video Hallucination": {
      "n": 1136,
      "acc": 0.5105633802816901,
      "precision": 0.5136986301369864,
      "recall": 0.3961267605633803,
      "f1": 0.4473161033797217,
      "yes_pct": 38.556338028169016,
      "TP": 225,
      "TN": 355,
      "FP": 213,
      "FN": 343,
      "non_yes_no": 0
    },
    "Video-driven Audio Hallucination": {
      "n": 2290,
      "acc": 0.5772925764192139,
      "precision": 0.6420545746388443,
      "recall": 0.34934497816593885,
      "f1": 0.4524886877828054,
      "yes_pct": 27.20524017467249,
      "TP": 400,
      "TN": 922,
      "FP": 223,
      "FN": 745,
      "non_yes_no": 0
    }
  },
  "overall": {
    "n": 5302,
    "acc": 0.5356469256884194,
    "precision": 0.589066918001885,
    "recall": 0.23576009053187477,
    "f1": 0.33674568965517243,
    "yes_pct": 20.011316484345528,
    "TP": 625,
    "TN": 2215,
    "FP": 436,
    "FN": 2026,
    "non_yes_no": 0
  }
}