{
  "variant": "v2",
  "n_items": 5302,
  "n_failed": 0,
  "eval_time_s": 1206.1115050315857,
  "per_task": {
    "AV Matching": {
      "n": 1876,
      "acc": 0.5,
      "precision": 0.0,
      "recall": 0.0,
      "f1": 0.0,
      "yes_pct": 0.0,
      "TP": 0,
      "TN": 938,
      "FP": 0,
      "FN": 938,
      "non_yes_no": 0
    },
    "Audio-driven Video Hallucination": {
      "n": 1136,
      "acc": 0.5176056338028169,
      "precision": 0.5172413793103449,
      "recall": 0.528169014084507,
      "f1": 0.5226480836236934,
      "yes_pct": 51.056338028169016,
      "TP": 300,
      "TN": 288,
      "FP": 280,
      "FN": 268,
      "non_yes_no": 0
    },
    "Video-driven Audio Hallucination": {
      "n": 2290,
      "acc": 0.5786026200873362,
      "precision": 0.7903225806451613,
      "recall": 0.21397379912663755,
      "f1": 0.33676975945017185,
      "yes_pct": 13.537117903930133,
      "TP": 245,
      "TN": 1080,
      "FP": 65,
      "FN": 900,
      "non_yes_no": 0
    }
  },
  "overall": {
    "n": 5302,
    "acc": 0.5377216144850999,
    "precision": 0.6123595505617978,
    "recall": 0.2055827989437948,
    "f1": 0.30782264896921774,
    "yes_pct": 16.786118445869484,
    "TP": 545,
    "TN": 2306,
    "FP": 345,
    "FN": 2106,
    "non_yes_no": 0
  }
}