{
  "variant": "v1",
  "n_items": 5302,
  "n_failed": 0,
  "eval_time_s": 1084.7550339698792,
  "per_task": {
    "AV Matching": {
      "n": 1876,
      "acc": 0.4989339019189765,
      "precision": 0.4993464052287582,
      "recall": 0.814498933901919,
      "f1": 0.6191247974068071,
      "yes_pct": 81.55650319829424,
      "TP": 764,
      "TN": 172,
      "FP": 766,
      "FN": 174,
      "non_yes_no": 0
    },
    "Audio-driven Video Hallucination": {
      "n": 1136,
      "acc": 0.488556338028169,
      "precision": 0.49375600384245916,
      "recall": 0.9049295774647887,
      "f1": 0.6389061528899939,
      "yes_pct": 91.63732394366197,
      "TP": 514,
      "TN": 41,
      "FP": 527,
      "FN": 54,
      "non_yes_no": 0
    },
    "Video-driven Audio Hallucination": {
      "n": 2290,
      "acc": 0.5703056768558952,
      "precision": 0.5449469570072585,
      "recall": 0.8524017467248908,
      "f1": 0.664850136239782,
      "yes_pct": 78.20960698689956,
      "TP": 976,
      "TN": 330,
      "FP": 815,
      "FN": 169,
      "non_yes_no": 0
    }
  },
  "overall": {
    "n": 5302,
    "acc": 0.527536778574123,
    "precision": 0.5167354424575883,
    "recall": 0.8502451904941531,
    "f1": 0.642806217025524,
    "yes_pct": 82.27084119200302,
    "TP": 2254,
    "TN": 543,
    "FP": 2108,
    "FN": 397,
    "non_yes_no": 0
  }
}