{
  "variant": "v4",
  "n_items": 5302,
  "n_failed": 0,
  "eval_time_s": 1099.613852262497,
  "per_task": {
    "AV Matching": {
      "n": 1876,
      "acc": 0.5186567164179104,
      "precision": 0.5147679324894515,
      "recall": 0.650319829424307,
      "f1": 0.574658502119642,
      "yes_pct": 63.166311300639656,
      "TP": 610,
      "TN": 363,
      "FP": 575,
      "FN": 328,
      "non_yes_no": 0
    },
    "Audio-driven Video Hallucination": {
      "n": 1136,
      "acc": 0.44630281690140844,
      "precision": 0.45927903871829107,
      "recall": 0.6056338028169014,
      "f1": 0.5223993925588458,
      "yes_pct": 65.9330985915493,
      "TP": 344,
      "TN": 163,
      "FP": 405,
      "FN": 224,
      "non_yes_no": 0
    },
    "Video-driven Audio Hallucination": {
      "n": 2290,
      "acc": 0.5502183406113537,
      "precision": 0.5667828106852497,
      "recall": 0.4262008733624454,
      "f1": 0.4865403788634098,
      "yes_pct": 37.59825327510917,
      "TP": 488,
      "TN": 772,
      "FP": 373,
      "FN": 657,
      "non_yes_no": 0
    }
  },
  "overall": {
    "n": 5302,
    "acc": 0.5167861184458695,
    "precision": 0.5159212880143113,
    "recall": 0.5439456808751415,
    "f1": 0.5295629820051415,
    "yes_pct": 52.7159562429272,
    "TP": 1442,
    "TN": 1298,
    "FP": 1353,
    "FN": 1209,
    "non_yes_no": 0
  }
}