{
  "variant": "v4",
  "n_items": 20,
  "n_failed": 0,
  "eval_time_s": 8.012451410293579,
  "per_task": {
    "AV Matching": {
      "n": 7,
      "acc": 0.42857142857142855,
      "precision": 0.0,
      "recall": 0.0,
      "f1": 0.0,
      "yes_pct": 0.0,
      "TP": 0,
      "TN": 3,
      "FP": 0,
      "FN": 4,
      "non_yes_no": 0
    },
    "Audio-driven Video Hallucination": {
      "n": 3,
      "acc": 0.3333333333333333,
      "precision": 0.5,
      "recall": 0.5,
      "f1": 0.5,
      "yes_pct": 66.66666666666666,
      "TP": 1,
      "TN": 0,
      "FP": 1,
      "FN": 1,
      "non_yes_no": 0
    },
    "Video-driven Audio Hallucination": {
      "n": 10,
      "acc": 0.5,
      "precision": 0.4444444444444444,
      "recall": 1.0,
      "f1": 0.6153846153846153,
      "yes_pct": 90.0,
      "TP": 4,
      "TN": 1,
      "FP": 5,
      "FN": 0,
      "non_yes_no": 0
    }
  },
  "overall": {
    "n": 20,
    "acc": 0.45,
    "precision": 0.45454545454545453,
    "recall": 0.5,
    "f1": 0.47619047619047616,
    "yes_pct": 55.00000000000001,
    "TP": 5,
    "TN": 4,
    "FP": 6,
    "FN": 5,
    "non_yes_no": 0
  }
}