{
  "variant": "v2",
  "n_items": 5302,
  "n_failed": 0,
  "eval_time_s": 1198.3180215358734,
  "per_task": {
    "AV Matching": {
      "n": 1876,
      "acc": 0.5,
      "precision": 0.0,
      "recall": 0.0,
      "f1": 0.0,
      "yes_pct": 0.0,
      "TP": 0,
      "TN": 938,
      "FP": 0,
      "FN": 937,
      "non_yes_no": 1
    },
    "Audio-driven Video Hallucination": {
      "n": 1136,
      "acc": 0.5026408450704225,
      "precision": 0.5058365758754864,
      "recall": 0.22887323943661972,
      "f1": 0.3151515151515151,
      "yes_pct": 22.62323943661972,
      "TP": 130,
      "TN": 441,
      "FP": 127,
      "FN": 438,
      "non_yes_no": 0
    },
    "Video-driven Audio Hallucination": {
      "n": 2290,
      "acc": 0.5545851528384279,
      "precision": 0.6515513126491647,
      "recall": 0.23842794759825328,
      "f1": 0.34910485933503843,
      "yes_pct": 18.29694323144105,
      "TP": 273,
      "TN": 997,
      "FP": 146,
      "FN": 872,
      "non_yes_no": 2
    }
  },
  "overall": {
    "n": 5302,
    "acc": 0.5241418332704639,
    "precision": 0.5961538461538461,
    "recall": 0.1520754716981132,
    "f1": 0.2423331328923632,
    "yes_pct": 12.749905695963786,
    "TP": 403,
    "TN": 2376,
    "FP": 273,
    "FN": 2247,
    "non_yes_no": 3
  }
}