{
  "variant": "v2",
  "n_items": 1086,
  "n_failed": 0,
  "eval_time_s": 256.63970589637756,
  "per_task": {
    "AV Matching": {
      "n": 380,
      "acc": 0.531578947368421,
      "precision": 0.531578947368421,
      "recall": 1.0,
      "f1": 0.6941580756013745,
      "yes_pct": 100.0,
      "TP": 202,
      "TN": 0,
      "FP": 178,
      "FN": 0,
      "non_yes_no": 0
    },
    "Audio-driven Video Hallucination": {
      "n": 242,
      "acc": 0.6033057851239669,
      "precision": 0.6296296296296297,
      "recall": 0.648854961832061,
      "f1": 0.6390977443609023,
      "yes_pct": 55.78512396694215,
      "TP": 85,
      "TN": 61,
      "FP": 50,
      "FN": 46,
      "non_yes_no": 0
    },
    "Video-driven Audio Hallucination": {
      "n": 464,
      "acc": 0.7866379310344828,
      "precision": 0.7568627450980392,
      "recall": 0.8391304347826087,
      "f1": 0.7958762886597939,
      "yes_pct": 54.956896551724135,
      "TP": 193,
      "TN": 172,
      "FP": 62,
      "FN": 37,
      "non_yes_no": 0
    }
  },
  "overall": {
    "n": 1086,
    "acc": 0.6565377532228361,
    "precision": 0.6233766233766234,
    "recall": 0.8525754884547069,
    "f1": 0.7201800450112528,
    "yes_pct": 70.90239410681399,
    "TP": 480,
    "TN": 233,
    "FP": 290,
    "FN": 83,
    "non_yes_no": 0
  }
}