{
  "variant": "v3",
  "n_items": 5302,
  "n_failed": 0,
  "eval_time_s": 1093.3433029651642,
  "per_task": {
    "AV Matching": {
      "n": 1876,
      "acc": 0.5,
      "precision": 0.5,
      "recall": 1.0,
      "f1": 0.6666666666666666,
      "yes_pct": 100.0,
      "TP": 938,
      "TN": 0,
      "FP": 938,
      "FN": 0,
      "non_yes_no": 0
    },
    "Audio-driven Video Hallucination": {
      "n": 1136,
      "acc": 0.5,
      "precision": 0.5,
      "recall": 1.0,
      "f1": 0.6666666666666666,
      "yes_pct": 100.0,
      "TP": 568,
      "TN": 0,
      "FP": 568,
      "FN": 0,
      "non_yes_no": 0
    },
    "Video-driven Audio Hallucination": {
      "n": 2290,
      "acc": 0.5004366812227075,
      "precision": 0.5002186270222999,
      "recall": 0.9991266375545852,
      "f1": 0.6666666666666666,
      "yes_pct": 99.86899563318778,
      "TP": 1144,
      "TN": 2,
      "FP": 1143,
      "FN": 1,
      "non_yes_no": 0
    }
  },
  "overall": {
    "n": 5302,
    "acc": 0.5001886080724255,
    "precision": 0.5000943574259294,
    "recall": 0.999622783855149,
    "f1": 0.6666666666666667,
    "yes_pct": 99.94341757827236,
    "TP": 2650,
    "TN": 2,
    "FP": 2649,
    "FN": 1,
    "non_yes_no": 0
  }
}